iT;t;p1;p2
0;0;0.000951056516302439;0.0005877852522826287
1;0.00078125;0.0008967273133748676;0.0006977900446023947
2;0.0015625;0.0008236557840912912;0.0007931002953652447
3;0.00234375;0.0007333480605060077;0.0008718071691691874
4;0.003125;0.000627731707888112;0.0009321896625624503
5;0.00390625;0.0005089951889628233;0.000973066240500581
6;0.004687500000000001;0.0003796578270945852;0.0009935145250832039
7;0.005468750000000001;0.0002424049884333119;0.0009931849521429587
8;0.00625;0.000100139880766316;0.0009720235162725049
9;0.00703125;-4.418172521885328e-05;0.0009305474266875533
10;0.0078125;-0.0001875125831914677;0.0008695688124862499
11;0.008593750000000001;-0.0003268751890330653;0.0007904337718597767
12;0.009375000000000001;-0.0004593300544850838;0.0006947465602812978
13;0.01015625;-0.0005821280643916301;0.0005845748427964281
14;0.0109375;-0.0006926802446105283;0.000462175428692717
15;0.01171875;-0.0007886966237371476;0.0003301698262415205
16;0.0125;-0.0008681522448508377;0.000191273934712323
17;0.01328125;-0.000929408484638164;4.844909461098723e-05
18;0.0140625;-0.0009711708990895809;-9.536050592335716e-05
19;0.01484375;-0.0009925899108202429;-0.0002370942127648352
20;0.015625;-0.0009932072468412417;-0.0003738225048194484
21;0.01640625;-0.0009730341536245151;-0.0005026195976097369
22;0.0171875;-0.0009324845902544135;-0.0006207898959352556
23;0.01796875;-0.0008724305582776043;-0.0007257553768431534
24;0.01875;-0.0007941217185725689;-0.0008153020913353731
25;0.01953125;-0.0006992188282553494;-0.0008875433475138075
26;0.0203125;-0.000589700678368293;-0.0009412079365332221
27;0.02109375;-0.0004678773355893402;-0.0009755551832252723
28;0.021875;-0.0003362854335136944;-0.0009903924434668926
29;0.02265625;-0.0001976830718922428;-0.0009855928123094296
30;0.0234375;-5.493722499522845e-05;-0.0009608397543828079
31;0.02421875;8.898828134988433e-05;-0.000915433330083033
32;0.025;0.0002311301026202272;-0.0008489697191786641
33;0.02578125;0.0003685102467716205;-0.000762247502983276
34;0.0265625;0.0004981927554278323;-0.0006581555603528006
35;0.02734375;0.000617261480365414;-0.0005412177106093925
36;0.028125;0.000722937866084976;-0.0004160704738023923
37;0.02890625;0.0008127195713556526;-0.0002854502546445776
38;0.0296875;0.0008846863066719378;-0.0001497383048020613
39;0.03046875;0.0009377062606411829;-8.482239184862311e-06
40;0.03125;0.0009715013486371996;0.0001367854995381397
41;0.03203125;0.0009862884303826528;0.0002812066014545659
42;0.0328125;0.0009822145002059792;0.0004179968541817894
43;0.03359375;0.0009588172512303571;0.000541981683927588
44;0.034375;0.0009151107145589775;0.0006518806752380138
45;0.03515625;0.0008503652991203125;0.0007492978966426259
46;0.0359375;0.0007653089179560386;0.0008349377388367428
47;0.03671875;0.0006627671707246917;0.000905925473004269
48;0.03750000000000001;0.0005471327191238135;0.0009568287012613533
49;0.03828125;0.0004226906007291593;0.000983779162391632
50;0.0390625;0.0002920324766212919;0.0009873836046608629
51;0.03984375;0.0001558101226207024;0.0009715646771170819
52;0.040625;1.430168694544894e-05;0.0009392598778746711
53;0.04140625000000001;-0.0001304624013816161;0.0008896692539080201
54;0.0421875;-0.0002738229727644163;0.0008198440922812248
55;0.04296875;-0.0004099224466335726;0.0007291066855153377
56;0.04375;-0.0005343294557193681;0.0006213254900164125
57;0.04453125;-0.0006456317477325985;0.000502666760245726
58;0.04531250000000001;-0.0007444136349416413;0.0003771064777295881
59;0.04609375;-0.0008305491686769527;0.0002447841487204035
60;0.046875;-0.0009013295289817808;0.0001048257252841722
61;0.04765625;-0.0009523892745831592;-4.049602102895732e-05
62;0.0484375;-0.0009806039176085807;-0.0001851679921189012
63;0.04921875000000001;-0.0009862087675962053;-0.000322985061284271
64;0.05;-0.0009719561163850204;-0.0004513273910803642
65;0.05078125;-0.0009401652976036226;-0.0005707925886478429
66;0.0515625;-0.0008906157879634216;-0.0006813562290578072
67;0.05234375;-0.0008215111966273979;-0.0007795177671990433
68;0.05312500000000001;-0.0007324801133897078;-0.0008598842504337274
69;0.05390625;-0.0006264886993691713;-0.0009192100040915344
70;0.0546875;-0.0005085673767704671;-0.0009582625362478817
71;0.05546875;-0.0003827047311885204;-0.0009793265237143106
72;0.05625;-0.000250160775273495;-0.0009825058815962013
73;0.05703125000000001;-0.0001109925797209144;-0.0009651504884095628
74;0.0578125;3.297847089318869e-05;-0.0009250967493183754
75;0.05859375;0.0001770414984396969;-0.0008636959418557427
76;0.059375;0.0003156248902087099;-0.0007851002998844098
77;0.06015625;0.0004452404683979693;-0.000692669358322746
78;0.06093750000000001;0.0005651625395694281;-0.0005869163822353584
79;0.06171875;0.0006751591573993208;-0.0004673013168212491
80;0.0625;0.0007729521586831348;-0.0003356183601863449
81;0.06328125;0.0008542982497116705;-0.0001967310927284416
82;0.06406250000000001;0.000915627285382167;-5.584940357948653e-05
83;0.06484375000000001;0.0009562209204401975;8.437866422658164e-05
84;0.065625;0.0009775252570398151;0.0002234462946944404
85;0.06640625;0.0009804530332621652;0.0003599856946190508
86;0.0671875;0.0009638522411599598;0.000489939634426264
87;0.06796875000000001;0.0009258635241227844;0.0006082199397496878
88;0.06875000000000001;0.0008665508209378457;0.0007117350589639196
89;0.06953125;0.0007887025631013481;0.0008001564440686099
90;0.0703125;0.0006959195533515109;0.0008735780293742815
91;0.07109375;0.0005902383626380469;0.0009301433941679229
92;0.07187500000000001;0.0004720530172926373;0.0009665584100002887
93;0.07265625000000001;0.0003422997228335589;0.0009808389842995285
94;0.0734375;0.0002042401937554435;0.0009738220637761211
95;0.07421875;6.268269668604868e-05;0.0009476777031765473
96;0.07500000000000001;-7.841812213882803e-05;0.0009033342659919677
97;0.07578125000000001;-0.0002171834606754903;0.0008400693001749458
98;0.07656250000000001;-0.0003525012930913362;0.0007576457284934196
99;0.07734375;-0.0004819014277745736;0.0006582648246452055
100;0.078125;-0.0006012251625603917;0.0005458532886890073
101;0.07890625000000001;-0.0007065089394018286;0.0004236523733804157
102;0.07968750000000001;-0.0007958180104712179;0.0002930832587298937
103;0.08046875000000001;-0.0008689105520898009;0.0001552224199501021
104;0.08125;-0.0009252471623282568;1.286005237489007e-05
105;0.08203125;-0.0009628452461523312;-0.0001294893482797003
106;0.08281250000000001;-0.0009793558667297473;-0.000267662827851988
107;0.08359375000000001;-0.0009740313815806681;-0.0003993930699652992
108;0.08437500000000001;-0.0009481895773690968;-0.0005235111563039632
109;0.08515625;-0.000903680446645012;-0.0006379429239799112
110;0.0859375;-0.0008412661788315744;-0.0007391463432092374
111;0.08671875000000001;-0.0007608756040766212;-0.000823686197157561
112;0.08750000000000001;-0.0006633286264695925;-0.0008899740794974301
113;0.08828125000000001;-0.0005513587640598416;-0.0009380172708915778
114;0.0890625;-0.0004286625978905552;-0.0009676314253980914
115;0.08984375;-0.0002981583602862277;-0.0009774376303539609
116;0.09062500000000001;-0.0001615400721251111;-0.0009659199301434757
117;0.09140625000000001;-2.056900382740423e-05;-0.0009331322818131108
118;0.09218750000000001;0.0001216141610348131;-0.0008809021702230285
119;0.09296875;0.0002608306926170674;-0.0008113073942270905
120;0.09375;0.0003934628334536682;-0.0007254099488394178
121;0.09453125000000001;0.0005173721067937246;-0.0006237907021568389
122;0.09531250000000001;0.0006311116930252562;-0.0005081179591070394
123;0.09609375000000001;0.0007325272856299608;-0.0003816669628334542
124;0.096875;0.0008185626218619289;-0.0002481312877110516
125;0.09765625;0.0008865214211982674;-0.0001102175387010599
126;0.09843750000000001;0.0009352345195657106;3.024616928693527e-05
127;0.09921875000000001;0.0009647340929950586;0.0001709686687293773
128;0.1;0.0009749318260583094;0.0003084313580378268
129;0.10078125;0.0009649938885316562;0.0004387366336110668
130;0.1015625;0.0009341812123117657;0.0005589973579723542
131;0.10234375;0.000883060547930654;0.0006675696562160737
132;0.103125;0.0008135678255833528;0.0007629382974118924
133;0.10390625;0.000727865681304441;0.0008427975538264338
134;0.1046875;0.0006274348837420499;0.0009045373398597195
135;0.10546875;0.0005134798184250636;0.0009465241810054673
136;0.10625;0.0003880520158175689;0.0009685515500314067
137;0.10703125;0.0002544076585036237;0.0009709603804609892
138;0.1078125;0.0001161229672046223;0.0009536139081562092
139;0.10859375;-2.395406586098639e-05;0.000916057380187946
140;0.109375;-0.0001636697599315084;0.0008586063731733398
141;0.11015625;-0.0003006084534717956;0.0007829385158159613
142;0.1109375;-0.0004315162593896578;0.00069142440178742
143;0.11171875;-0.0005528898393580068;0.0005860741086750446
144;0.1125;-0.0006620210204224956;0.0004684088565409183
145;0.11328125;-0.0007572446440462954;0.0003403417997469659
146;0.1140625;-0.0008371712246783619;0.0002048397527930016
147;0.11484375;-0.0008999655509493701;6.547010047749305e-05
148;0.115625;-0.0009436236690332103;-7.462236768333241e-05
149;0.11640625;-0.0009669082581482749;-0.000213048308044866
