iT;t;p1(xAchse);p2(XAchse);p3(diagonal);p4(diagonal)
0;0;0;0;0;0
1;0.00078125;0;0;0;0
2;0.0015625;0;0;0;0
3;0.00234375;0;0;0;0
4;0.003125;0;0;0;0
5;0.00390625;0;0;0;0
6;0.004687500000000001;0;0;0;0
7;0.005468750000000001;0;0;0;0
8;0.00625;-4.542422781620796e-07;0;0;0
9;0.00703125;-2.739135500936148e-06;0;0;0
10;0.0078125;-7.51317687293825e-06;-5.64104993827641e-08;0;0
11;0.008593750000000001;-1.282216423229935e-05;-5.773290467914194e-08;0;0
12;0.009375000000000001;-1.662692557147238e-05;8.386001960995296e-07;0;0
13;0.01015625;-2.105405656038783e-05;3.159945966520657e-06;0;0
14;0.0109375;-3.132339831305823e-05;4.984286836891745e-06;0;0
15;0.01171875;-4.950998663844075e-05;3.446482878644019e-06;0;0
16;0.0125;-7.108237878128421e-05;-2.153178381073909e-06;0;0
17;0.01328125;-8.753530710237101e-05;-1.175247355907535e-05;0;0
18;0.0140625;-8.872537667533227e-05;-2.608921931823716e-05;0;0
19;0.01484375;-6.453983345030186e-05;-4.349569947711037e-05;0;0
20;0.015625;-1.133063415181823e-05;-5.818432813005833e-05;0;0
21;0.01640625;6.300038270031412e-05;-6.394527372322045e-05;0;0
22;0.0171875;0.0001422056399557429;-5.737486329356519e-05;0;0
23;0.01796875;0.0002085013026468611;-3.654615708607404e-05;0;0
24;0.01875;0.0002477399660468412;-4.718834437274684e-07;0;0
25;0.01953125;0.000251886660407763;4.66601971614485e-05;0;0
26;0.0203125;0.0002194913019290349;9.426613420752498e-05;0;0
27;0.02109375;0.000155047353473492;0.000131182433203018;0;0
28;0.021875;6.740594714453134e-05;0.0001500391311613688;0;0
29;0.02265625;-3.180972089467105e-05;0.0001474384941199484;0;0
30;0.0234375;-0.0001299514836622014;0.00012381570074164;0;0
31;0.02421875;-0.0002150287194429742;8.230200910475105e-05;0;0
32;0.025;-0.0002762336474309753;2.753218359430321e-05;0;0
33;0.02578125;-0.0003046966952145643;-3.363198326648368e-05;0;0
34;0.0265625;-0.0002944991532179604;-9.234558820025995e-05;0;0
35;0.02734375;-0.0002444514351130541;-0.0001397010231206271;0;0
36;0.028125;-0.0001609041064511985;-0.0001685208935668925;0;0
37;0.02890625;-5.615839472739026e-05;-0.0001750694270109913;-6.063298011819521e-13;0
38;0.0296875;5.599808719125576e-05;-0.0001590316999984983;-2.425319204727808e-12;0
39;0.03046875;0.0001610557058787284;-0.0001221144714994201;2.667851125200589e-11;0
40;0.03125;0.0002447229586929704;-6.887402984527095e-05;1.64921705921491e-10;0
41;0.03203125;0.0002962457050064889;-7.274386613668564e-06;3.504586250831683e-10;0
42;0.0328125;0.0003094443867060666;5.406786658568308e-05;5.760133111228546e-10;0
43;0.03359375;0.0002825207169128892;0.0001076658894210899;1.386069925501943e-09;3.637978807091713e-12
44;0.034375;0.0002188095653157992;0.0001466921166866086;1.913576852530241e-09;-6.063298011819522e-12
45;0.03515625;0.0001263411625889906;0.0001660369671299122;-3.366343056162199e-09;-6.427095892528693e-11
46;0.0359375;1.639526211268579e-05;0.0001637959406555941;-2.199703885708004e-08;-6.245196952174108e-11
47;0.03671875;-9.703763680590782e-05;0.0001406133196724113;-5.877518560737371e-08;1.624963867167632e-10
48;0.03750000000000001;-0.0001986667581756289;9.92760530304319e-05;-1.191189464104051e-07;5.44484161461393e-10
49;0.03828125;-0.0002748310938234984;4.510579674388282e-05;-2.087860290581981e-07;2.044544089585543e-09
50;0.0390625;-0.0003151051757110205;-1.489780758371732e-05;-3.177956386934966e-07;8.0629736961176e-09
51;0.03984375;-0.000313637452563853;-7.296025372246125e-05;-4.143269810204704e-07;2.180847028891246e-08
52;0.040625;-0.0002709571344894357;-0.000121649259502495;-4.726637901815896e-07;4.336834535934031e-08
53;0.04140625000000001;-0.000193189845958841;-0.0001553003955147384;-5.007113941246644e-07;7.221994261878233e-08
54;0.0421875;-9.046603978883165e-05;-0.0001693519995266494;-5.162692104931921e-07;1.073240127880126e-07
55;0.04296875;2.367564714707745e-05;-0.0001608176201746877;-5.040941080854585e-07;1.395007226771365e-07
56;0.04375;0.0001342769355687778;-0.0001309631406911649;-4.264693416189402e-07;1.534802625731876e-07
57;0.04453125;0.0002271857350327385;-8.461345532850828e-05;-2.620648350178574e-07;1.478450334010025e-07
58;0.04531250000000001;0.0002903645217884332;-2.771358109991221e-05;-7.211686655258139e-09;1.441185304429382e-07
59;0.04609375;0.0003156988871827101;3.298705147850948e-05;3.451920444301019e-07;1.655741167875628e-07
60;0.046875;0.0003002172525157221;9.009782903982948e-05;7.992457540240139e-07;2.13327439269051e-07
61;0.04765625;0.0002460021654163332;0.0001361879609855047;1.316486304858699e-06;2.7216689583535e-07
62;0.0484375;0.0001598729504621588;0.0001645620820151331;1.813038882877057e-06;3.324336527536313e-07
63;0.04921875000000001;5.28018196443251e-05;0.0001708112249616534;2.220270592564096e-06;3.852922721610715e-07
64;0.05;-6.122292931346844e-05;0.0001540944152414644;2.493930272369956e-06;3.975425594641517e-07
65;0.05078125;-0.0001670997589826584;0.0001170575487776659;2.550103090470657e-06;3.23495138824607e-07
66;0.0515625;-0.0002511796919861808;6.477488326102805e-05;2.257871528854594e-06;1.447624526917934e-07
67;0.05234375;-0.00030294223203479;4.001649358542636e-06;1.502151765938227e-06;-1.360058377031237e-07
68;0.05312500000000001;-0.0003155673020955874;-5.733043326472398e-05;2.460061902335535e-07;-5.233093058147157e-07
69;0.05390625;-0.0002870748891533973;-0.0001110979228542419;-1.432291658905645e-06;-9.873231950526435e-07
70;0.0546875;-0.000221170975540493;-0.0001501607500055494;-3.360430734270873e-06;-1.410813638358377e-06
71;0.05546875;-0.0001264572765649064;-0.0001696182819917643;-5.330736409329499e-06;-1.644197254790924e-06
72;0.05625;-1.531740963400807e-05;-0.0001672471553320065;-7.106155559692222e-06;-1.598512123261268e-06
73;0.05703125000000001;9.758377806671585e-05;-0.0001431449412242121;-8.3913388759053e-06;-1.270309439860284e-06
74;0.0578125;0.0001975314541292998;-0.0001001323180389591;-8.903586300827252e-06;-7.293201633729041e-07
75;0.05859375;0.0002713948791400374;-4.387056651466992e-05;-8.554311837845793e-06;-8.25984898256138e-08
76;0.059375;0.0003093977914735054;1.818087791131499e-05;-7.524350924844232e-06;5.552695559648176e-07
77;0.06015625;0.0003070661162685913;7.785480435510787e-05;-6.080485642693627e-06;1.025856666577359e-06
78;0.06093750000000001;0.0002653745311060144;0.0001273383580458661;-4.326663959849005e-06;1.143163293212031e-06
79;0.06171875;0.0001899116614367813;0.0001601548198474726;-2.15401511619954e-06;8.34729386648784e-07
80;0.0625;9.031862888756829e-05;0.0001719494381783685;6.671434675808996e-07;2.041645833135893e-07
81;0.06328125;-2.080333069898188e-05;0.0001611439244394811;4.396516790923973e-06;-5.805953454303866e-07
82;0.06406250000000001;-0.0001294703245851755;0.0001291434697729225;9.156146309881782e-06;-1.429229693409676e-06
83;0.06484375000000001;-0.0002217781372261622;8.02377605092867e-05;1.470605881574253e-05;-2.410519300610758e-06
84;0.065625;-0.0002855736165656708;2.103758015437052e-05;2.040185912240607e-05;-3.705540317848014e-06
85;0.06640625;-0.000312374668889485;-4.061867730342783e-05;2.530572358712864e-05;-5.378831095489052e-06
86;0.0671875;-0.0002985719111165963;-9.686548461710724e-05;2.824962575687096e-05;-7.178631373487103e-06
87;0.06796875000000001;-0.0002457436221448006;-0.0001407307706055387;2.798119263995128e-05;-8.596372329823984e-06
88;0.06875000000000001;-0.0001607489296778416;-0.0001664815560313097;2.353416372595045e-05;-9.03283823087501e-06
89;0.06953125;-5.492846018266088e-05;-0.0001703840910825723;1.464119365361209e-05;-7.892213034210727e-06
90;0.0703125;5.783369730731162e-05;-0.000151868890801173;2.01267054459701e-06;-4.719285546646764e-06
91;0.07109375;0.0001629409671295434;-0.0001135537919860023;-1.261079220663911e-05;6.049279666816195e-07
92;0.07187500000000001;0.0002467581167972336;-6.059026418370195e-05;-2.675594320559564e-05;7.762591849314049e-06
93;0.07265625000000001;0.0002984900262769467;1.032021827995777e-07;-3.781247081254454e-05;1.595797706007336e-05
94;0.0734375;0.0003115368829943084;6.081515918291795e-05;-4.36486346491923e-05;2.390094353662183e-05
95;0.07421875;0.0002841502161269697;0.0001136972241511103;-4.307350718590897e-05;2.997665433213115e-05
96;0.07500000000000001;0.0002198031531103576;0.0001517148994025774;-3.610596710738415e-05;3.260440037896236e-05
97;0.07578125000000001;0.000126893530250527;0.0001699213389656506;-2.392690051541043e-05;3.058930572782022e-05
98;0.07656250000000001;1.74865514660875e-05;0.0001660766550533784;-8.534428464675633e-06;2.34015327199207e-05
99;0.07734375;-9.421080600683733e-05;0.0001407569519263537;7.672360273621356e-06;1.143020926974714e-05
100;0.078125;-0.0001935815598699264;9.71897291795661e-05;2.231977608365317e-05;-3.864750397042371e-06
101;0.07890625000000001;-0.0002677377081757489;4.091267813540374e-05;3.348657022191522e-05;-2.00981321540894e-05
102;0.07968750000000001;-0.0003071098484118314;-2.080285169843895e-05;3.995251730278445e-05;-3.444372062707165e-05
103;0.08046875000000001;-0.0003064743007901901;-7.989867845026311e-05;4.118898141314276e-05;-4.424466533237137e-05
104;0.08125;-0.0002659469234155646;-0.0001286048457889895;3.722541562941236e-05;-4.756654561788309e-05
105;0.08203125;-0.0001910020649423435;-0.0001606562194259216;2.858775042113848e-05;-4.365362534978582e-05
106;0.08281250000000001;-9.140315341937821e-05;-0.0001720073814794887;1.635726221138611e-05;-3.313392699055839e-05
107;0.08359375000000001;2.005433998419903e-05;-0.0001609399666146298;2.092218589192877e-06;-1.779867003885253e-05
108;0.08437500000000001;0.0001290229120058939;-0.0001286111770847735;-1.247099862666801e-05;-1.157174362257744e-07
109;0.08515625;0.0002213753881126953;-7.929672756290529e-05;-2.559618951636367e-05;1.725152348323415e-05
110;0.0859375;0.0002850340752047487;-1.961903520471727e-05;-3.558737201577363e-05;3.185536115779541e-05
111;0.08671875000000001;0.0003116468869848177;4.247047278719644e-05;-4.100712916018286e-05;4.178765205627618e-05
112;0.08750000000000001;0.0002977050147213352;9.887314323956768e-05;-4.10005856489685e-05;4.588341107591987e-05
113;0.08828125000000001;0.000244941179213735;0.0001423977228114381;-3.548245755761551e-05;4.382686044361132e-05
114;0.0890625;0.0001601310978003312;0.0001674191250155369;-2.519113089268406e-05;3.611977808759548e-05
115;0.08984375;5.432306473570255e-05;0.0001706108378130011;-1.161651622775632e-05;2.38890788750723e-05
116;0.09062500000000001;-5.859659419608457e-05;0.0001515485128038563;3.301222022855654e-06;8.68629770896708e-06
117;0.09140625000000001;-0.0001638281816364421;0.0001127914959700623;1.758680446073413e-05;-7.639179481581474e-06
118;0.09218750000000001;-0.000247632127260052;5.947045428911224e-05;2.947450047940947e-05;-2.30913762303923e-05
119;0.09296875;-0.0002991073482310943;-1.459888759806442e-06;3.753082516292731e-05;-3.571383543506575e-05
120;0.09375;-0.0003115728474464656;-6.217039845068939e-05;4.083092305033157e-05;-4.377749428385869e-05
121;0.09453125000000001;-0.0002834290698956465;-0.0001149427789641777;3.906000832406183e-05;-4.605842392872243e-05
122;0.09531250000000001;-0.0002184124908429415;-0.0001529427681816742;3.243630635552108e-05;-4.215321253771739e-05
123;0.09609375000000001;-0.0001250339555554092;-0.0001711070914704275;2.160356234526262e-05;-3.258137561109228e-05
124;0.096875;-1.545096286766541e-05;-0.0001670514181265995;7.690802400854105e-06;-1.86726356332656e-05
125;0.09765625;9.604594500463766e-05;-0.0001412958445143886;-7.571628884761594e-06;-2.400630061553481e-06
126;0.09843750000000001;0.0001949948079224365;-9.711005562470139e-05;-2.207748790776047e-05;1.393767646125828e-05
127;0.09921875000000001;0.0002686095916336247;-4.018602279150704e-05;-3.381329709858013e-05;2.81885501559979e-05
128;0.1;0.0003072885992878582;2.207889216758e-05;-4.113942062152395e-05;3.864730751956813e-05
129;0.10078125;0.0003059680457226932;8.149005104011546e-05;-4.298471200551527e-05;4.414390908398976e-05
130;0.1015625;0.0002648462116970525;0.000130227867581804;-3.908189379823549e-05;4.407684051936182e-05
131;0.10234375;0.0001892597477611465;0.0001619978647795506;-3.001005522188886e-05;3.846194158541039e-05
132;0.103125;8.901156858579877e-05;0.0001727417062890405;-1.703531112677107e-05;2.795700735684174e-05
133;0.10390625;-2.284445569481856e-05;0.0001610939398233313;-1.890259227366187e-06;1.377288450991424e-05
134;0.1046875;-0.0001317498778613905;0.0001285124296070232;1.346832626344015e-05;-2.445759188655453e-06
135;0.10546875;-0.0002235494709263245;7.912413275334984e-05;2.708631533702525e-05;-1.865915389013632e-05
136;0.10625;-0.0002862344687552347;1.93417278448275e-05;3.723893435865951e-05;-3.262424676601464e-05
137;0.10703125;-0.0003115197214356158;-4.298572215096404e-05;4.262268582048515e-05;-4.234803782310337e-05
138;0.1078125;-0.0002960408649717768;-9.969777117172877e-05;4.247222386766225e-05;-4.648800252956183e-05
139;0.10859375;-0.0002417944857976787;-0.0001434724405650437;3.66890053555835e-05;-4.453127500407087e-05
140;0.109375;-0.0001559011100956317;-0.0001687096779884693;2.593297661708978e-05;-3.683110783943751e-05
141;0.11015625;-4.969706727327624e-05;-0.0001720575043388332;1.156550327626367e-05;-2.453398459086505e-05
142;0.1109375;6.287008000072092e-05;-0.0001529241532504481;-4.520252332440577e-06;-9.400776737796454e-06
143;0.11171875;0.0001670855199336074;-0.0001137279559770832;-2.017627169455712e-05;6.487814971478656e-06
144;0.1125;0.0002493305740548142;-5.958940892014652e-05;-3.335071232868358e-05;2.105645398842171e-05
145;0.11328125;0.0002989246519670511;2.399337972747162e-06;-4.240086188171214e-05;3.244615072617307e-05
146;0.1140625;0.0003095136307820212;6.41853245421468e-05;-4.632313296800324e-05;3.917607561258288e-05
147;0.11484375;0.0002797606042198216;0.0001177068855516457;-4.484547874502217e-05;4.033197789491775e-05
148;0.115625;0.0002135142215896243;0.0001558720905450173;-3.835739274412239e-05;3.570159363637989e-05
149;0.11640625;0.0001194185327525095;0.0001736482639292566;-2.775813906434147e-05;2.584943649708293e-05
